{"cameraMode":{"drawMode":0,"name":"Shaded","section":"Shading Mode"},"sceneLighting":false,"audioPlay":false,"sceneViewState":{"showFog":true,"showMaterialUpdate":false,"showSkybox":false,"showFlares":true,"showImageEffects":true,"showParticleSystems":true},"in2DMode":false,"pivot":{"x":5.101161003112793,"y":0.549679160118103,"z":10.706217765808106},"rotation":{"x":0.03677397966384888,"y":-0.07936204224824906,"z":0.00292922998778522,"w":0.9961646199226379},"size":0.9235734939575195,"orthographic":false}