{"cameraMode":{"drawMode":0,"name":"Shaded","section":"Shading Mode"},"sceneLighting":false,"audioPlay":false,"sceneViewState":{"showFog":true,"showMaterialUpdate":false,"showSkybox":false,"showFlares":true,"showImageEffects":true,"showParticleSystems":true},"in2DMode":false,"pivot":{"x":-6.604256629943848,"y":0.26507988572120669,"z":10.97826862335205},"rotation":{"x":0.03677397966384888,"y":-0.07936204224824906,"z":0.00292922998778522,"w":0.9961646199226379},"size":0.3646151125431061,"orthographic":false}