{"cameraMode":{"drawMode":0,"name":"Shaded","section":"Shading Mode"},"sceneLighting":true,"audioPlay":false,"sceneViewState":{"showFog":true,"showMaterialUpdate":false,"showSkybox":true,"showFlares":true,"showImageEffects":true,"showParticleSystems":true},"in2DMode":false,"pivot":{"x":-38.85744857788086,"y":28.94779396057129,"z":60.43742370605469},"rotation":{"x":0.03677397966384888,"y":-0.07936204224824906,"z":0.00292922998778522,"w":0.9961646199226379},"size":81.85450744628906,"orthographic":false}