{"cameraMode":{"drawMode":0,"name":"Shaded","section":"Shading Mode"},"sceneLighting":false,"audioPlay":false,"sceneViewState":{"showFog":true,"showMaterialUpdate":false,"showSkybox":false,"showFlares":true,"showImageEffects":true,"showParticleSystems":true},"in2DMode":false,"pivot":{"x":0.004031002521514893,"y":1.983466625213623,"z":9.118700981140137},"rotation":{"x":0.03677397966384888,"y":-0.07936204224824906,"z":0.00292922998778522,"w":0.9961646199226379},"size":2.9241719245910646,"orthographic":false}